{
  "8": {
    "name": "Dark",
    "ref_rgb": [
      65,
      65,
      65
    ],
    "render_min": [
      8.0,
      8.0,
      14.0
    ],
    "render_max": [
      9.0,
      9.0,
      16.0
    ],
    "render_mean": [
      8.48799991607666,
      8.602800369262695,
      14.638400077819824
    ],
    "sample_count": 10000
  },
  "21": {
    "name": "DarkPurple",
    "ref_rgb": [
      89,
      46,
      126
    ],
    "render_min": [
      65.0,
      68.0,
      117.0
    ],
    "render_max": [
      65.0,
      69.0,
      123.0
    ],
    "render_mean": [
      64.37519836425781,
      68.68350219726562,
      119.07129669189453
    ],
    "sample_count": 10000
  },
  "28": {
    "name": "SageTeal",
    "ref_rgb": [
      111,
      175,
      177
    ],
    "render_min": [
      101.0,
      126.0,
      160.0
    ],
    "render_max": [
      156.0,
      171.0,
      210.0
    ],
    "render_mean": [
      131.30499267578125,
      149.7471923828125,
      181.77200317382812
    ],
    "sample_count": 10000
  },
  "9": {
    "name": "LightBlue",
    "ref_rgb": [
      110,
      168,
      250
    ],
    "render_min": [
      81.0,
      145.0,
      219.0
    ],
    "render_max": [
      148.0,
      175.0,
      255.0
    ],
    "render_mean": [
      134.21290588378906,
      168.1280975341797,
      229.79449462890625
    ],
    "sample_count": 10000
  },
  "15": {
    "name": "Periwinkle",
    "ref_rgb": [
      183,
      199,
      251
    ],
    "render_min": [
      157.0,
      179.0,
      212.0
    ],
    "render_max": [
      183.0,
      205.0,
      253.0
    ],
    "render_mean": [
      171.6719970703125,
      196.9152069091797,
      242.75439453125
    ],
    "sample_count": 10000
  },
  "24": {
    "name": "Gray",
    "ref_rgb": [
      111,
      114,
      127
    ],
    "render_min": [
      84.0,
      91.0,
      101.0
    ],
    "render_max": [
      135.0,
      142.0,
      172.0
    ],
    "render_mean": [
      110.37129974365234,
      119.86669921875,
      131.7333984375
    ],
    "sample_count": 10000
  },
  "16": {
    "name": "Brown",
    "ref_rgb": [
      106,
      74,
      48
    ],
    "render_min": [
      109.0,
      53.0,
      9.0
    ],
    "render_max": [
      142.0,
      121.0,
      51.0
    ],
    "render_mean": [
      121.28559875488281,
      79.3363037109375,
      21.952800750732422
    ],
    "sample_count": 10000
  },
  "6": {
    "name": "Orange",
    "ref_rgb": [
      253,
      161,
      76
    ],
    "render_min": [
      223.0,
      125.0,
      24.0
    ],
    "render_max": [
      247.0,
      190.0,
      46.0
    ],
    "render_mean": [
      238.66009521484375,
      158.89720153808594,
      34.790199279785156
    ],
    "sample_count": 10000
  },
  "26": {
    "name": "Amber",
    "ref_rgb": [
      253,
      180,
      88
    ],
    "render_min": [
      195.0,
      172.0,
      56.0
    ],
    "render_max": [
      249.0,
      198.0,
      115.0
    ],
    "render_mean": [
      209.40980529785156,
      186.29800415039062,
      87.21279907226562
    ],
    "sample_count": 10000
  },
  "4": {
    "name": "Yellow",
    "ref_rgb": [
      254,
      213,
      85
    ],
    "render_min": [
      247.0,
      202.0,
      50.0
    ],
    "render_max": [
      247.0,
      239.0,
      62.0
    ],
    "render_mean": [
      247.0,
      228.65870666503906,
      60.280399322509766
    ],
    "sample_count": 10000
  },
  "23": {
    "name": "Silver",
    "ref_rgb": [
      217,
      217,
      231
    ],
    "render_min": [
      192.0,
      204.0,
      219.0
    ],
    "render_max": [
      225.0,
      239.0,
      255.0
    ],
    "render_mean": [
      211.81910705566406,
      225.0854034423828,
      242.81570434570312
    ],
    "sample_count": 10000
  },
  "7": {
    "name": "White",
    "ref_rgb": [
      255,
      255,
      255
    ],
    "render_min": [
      233.0,
      241.0,
      243.0
    ],
    "render_max": [
      247.0,
      250.0,
      253.0
    ],
    "render_mean": [
      243.97830200195312,
      247.7429962158203,
      249.94020080566406
    ],
    "sample_count": 10000
  },
  "17": {
    "name": "Peach",
    "ref_rgb": [
      254,
      227,
      169
    ],
    "render_min": [
      237.0,
      248.0,
      122.0
    ],
    "render_max": [
      255.0,
      255.0,
      137.0
    ],
    "render_mean": [
      252.3279571533203,
      252.56446838378906,
      127.3592529296875
    ],
    "sample_count": 9492
  },
  "10": {
    "name": "DarkGreen",
    "ref_rgb": [
      57,
      174,
      46
    ],
    "render_min": [
      4.0,
      115.0,
      4.0
    ],
    "render_max": [
      48.0,
      179.0498046875,
      45.0
    ],
    "render_mean": [
      9.781700134277344,
      139.6894989013672,
      8.03030014038086
    ],
    "sample_count": 10000
  },
  "5": {
    "name": "Green",
    "ref_rgb": [
      115,
      254,
      102
    ],
    "render_min": [
      82.0,
      243.0,
      43.0
    ],
    "render_max": [
      126.0,
      255.0,
      82.0498046875
    ],
    "render_mean": [
      95.66349792480469,
      251.79299926757812,
      56.0447998046875
    ],
    "sample_count": 10000
  },
  "12": {
    "name": "Blue",
    "ref_rgb": [
      50,
      107,
      248
    ],
    "render_min": [
      0.0,
      67.0,
      231.0
    ],
    "render_max": [
      9.0,
      179.0,
      255.0
    ],
    "render_mean": [
      3.011199951171875,
      143.45889282226562,
      250.20579528808594
    ],
    "sample_count": 10000
  },
  "2": {
    "name": "Cyan",
    "ref_rgb": [
      80,
      232,
      246
    ],
    "render_min": [
      7.0,
      184.0,
      252.0
    ],
    "render_max": [
      75.0,
      251.0,
      255.0
    ],
    "render_mean": [
      47.13100051879883,
      222.1685028076172,
      254.31759643554688
    ],
    "sample_count": 10000
  },
  "13": {
    "name": "Teal",
    "ref_rgb": [
      58,
      165,
      139
    ],
    "render_min": [
      21.0,
      110.0,
      107.0
    ],
    "render_max": [
      43.0,
      158.0,
      145.0
    ],
    "render_mean": [
      37.3671989440918,
      138.79649353027344,
      126.13020324707031
    ],
    "sample_count": 10000
  },
  "20": {
    "name": "MintGreen",
    "ref_rgb": [
      167,
      221,
      148
    ],
    "render_min": [
      162.0,
      172.0,
      101.0
    ],
    "render_max": [
      203.0,
      255.0,
      167.0
    ],
    "render_mean": [
      177.14219665527344,
      207.28680419921875,
      127.57589721679688
    ],
    "sample_count": 10000
  },
  "27": {
    "name": "DarkRed",
    "ref_rgb": [
      137,
      10,
      8
    ],
    "render_min": [
      119.0,
      0.0,
      0.0
    ],
    "render_max": [
      244.0,
      19.0,
      21.0
    ],
    "render_mean": [
      199.2469024658203,
      11.554499626159668,
      12.691699981689453
    ],
    "sample_count": 10000
  },
  "19": {
    "name": "Maroon",
    "ref_rgb": [
      158,
      61,
      94
    ],
    "render_min": [
      167.0,
      38.0,
      114.0
    ],
    "render_max": [
      194.0,
      55.0,
      140.0
    ],
    "render_mean": [
      184.18919372558594,
      49.56520080566406,
      129.9315948486328
    ],
    "sample_count": 10000
  },
  "25": {
    "name": "HotPink",
    "ref_rgb": [
      252,
      56,
      165
    ],
    "render_min": [
      198.0,
      55.0,
      142.0
    ],
    "render_max": [
      249.0,
      79.0,
      176.0
    ],
    "render_mean": [
      220.57730102539062,
      66.69190216064453,
      159.3802947998047
    ],
    "sample_count": 10000
  },
  "1": {
    "name": "Pink",
    "ref_rgb": [
      252,
      106,
      175
    ],
    "render_min": [
      241.0,
      84.0,
      179.0
    ],
    "render_max": [
      255.0,
      109.0,
      207.0
    ],
    "render_mean": [
      252.98779296875,
      102.78800201416016,
      200.63780212402344
    ],