{
  "24": {
    "name": "Gray",
    "ref_rgb": [
      111,
      114,
      127
    ],
    "render_min": [
      83.0,
      89.0,
      121.0
    ],
    "render_max": [
      85.0,
      92.0,
      134.0
    ],
    "render_mean": [
      84.59510040283203,
      91.06839752197266,
      130.2841033935547
    ],
    "sample_count": 10000
  },
  "8": {
    "name": "Dark",
    "ref_rgb": [
      65,
      65,
      65
    ],
    "render_min": [
      0.0,
      0.0,
      0.0
    ],
    "render_max": [
      70.0,
      75.0,
      104.0
    ],
    "render_mean": [
      48.9208984375,
      52.88840103149414,
      78.95469665527344
    ],
    "sample_count": 10000
  },
  "15": {
    "name": "Periwinkle",
    "ref_rgb": [
      183,
      199,
      251
    ],
    "render_min": [
      163.0,
      174.0,
      206.0
    ],
    "render_max": [
      199.0,
      212.0,
      255.0
    ],
    "render_mean": [
      189.73129272460938,
      201.58970642089844,
      249.7794952392578
    ],
    "sample_count": 10000
  },
  "7": {
    "name": "White",
    "ref_rgb": [
      255,
      255,
      255
    ],
    "render_min": [
      240.0,
      239.0,
      223.0
    ],
    "render_max": [
      255.0,
      255.0,
      255.0
    ],
    "render_mean": [
      248.84750366210938,
      248.42010498046875,
      244.343505859375
    ],
    "sample_count": 10000
  },
  "9": {
    "name": "LightBlue",
    "ref_rgb": [
      110,
      168,
      250
    ],
    "render_min": [
      116.0,
      134.0,
      214.0
    ],
    "render_max": [
      154.0,
      164.0,
      222.0
    ],
    "render_mean": [
      139.82949829101562,
      152.3751983642578,
      218.96800231933594
    ],
    "sample_count": 10000
  },
  "28": {
    "name": "SageTeal",
    "ref_rgb": [
      111,
      175,
      177
    ],
    "render_min": [
      141.0,
      149.0,
      180.0
    ],
    "render_max": [
      159.0,
      165.0,
      204.0
    ],
    "render_mean": [
      143.13409423828125,
      151.51499938964844,
      199.98410034179688
    ],
    "sample_count": 10000
  },
  "21": {
    "name": "DarkPurple",
    "ref_rgb": [
      89,
      46,
      126
    ],
    "render_min": [
      32.0,
      40.0,
      105.0
    ],
    "render_max": [
      73.0,
      81.0,
      162.0
    ],
    "render_mean": [
      60.78300094604492,
      68.38099670410156,
      118.61409759521484
    ],
    "sample_count": 10000
  },
  "22": {
    "name": "DustyRose",
    "ref_rgb": [
      220,
      120,
      129
    ],
    "render_min": [
      166.0,
      145.0,
      113.0
    ],
    "render_max": [
      192.0,
      168.0,
      151.0
    ],
    "render_mean": [
      180.46510314941406,
      157.21629333496094,
      134.12010192871094
    ],
    "sample_count": 10000
  },
  "20": {
    "name": "MintGreen",
    "ref_rgb": [
      167,
      221,
      148
    ],
    "render_min": [
      172.0,
      167.0,
      139.0
    ],
    "render_max": [
      208.0,
      189.0,
      193.0
    ],
    "render_mean": [
      195.4550018310547,
      176.2834014892578,
      157.63980102539062
    ],
    "sample_count": 10000
  },
  "18": {
    "name": "LightPink",
    "ref_rgb": [
      253,
      183,
      193
    ],
    "render_min": [
      206.0,
      180.0,
      163.0
    ],
    "render_max": [
      240.0,
      210.0,
      191.0
    ],
    "render_mean": [
      222.3468017578125,
      195.364501953125,
      176.38070678710938
    ],
    "sample_count": 10000
  },
  "17": {
    "name": "Peach",
    "ref_rgb": [
      254,
      227,
      169
    ],
    "render_min": [
      220.0,
      203.0,
      174.0
    ],
    "render_max": [
      251.0,
      225.0,
      202.0
    ],
    "render_mean": [
      237.56100463867188,
      214.95730590820312,
      191.77000427246094
    ],
    "sample_count": 10000
  },
  "23": {
    "name": "Silver",
    "ref_rgb": [
      217,
      217,
      231
    ],
    "render_min": [
      193.0,
      199.0,
      204.0
    ],
    "render_max": [
      247.0,
      237.0,
      255.0
    ],
    "render_mean": [
      222.606201171875,
      223.05380249023438,
      227.14520263671875
    ],
    "sample_count": 10000
  },
  "12": {
    "name": "Blue",
    "ref_rgb": [
      50,
      107,
      248
    ],
    "render_min": [
      7.0,
      97.0,
      188.0
    ],
    "render_max": [
      93.0,
      174.0,
      255.0
    ],
    "render_mean": [
      39.231998443603516,
      138.2698974609375,
      236.5446014404297
    ],
    "sample_count": 10000
  },
  "3": {
    "name": "Purple",
    "ref_rgb": [
      137,
      80,
      248
    ],
    "render_min": [
      143.0,
      12.0,
      198.0
    ],
    "render_max": [
      215.0,
      90.0,
      255.0
    ],
    "render_mean": [
      189.22999572753906,
      48.68119812011719,
      240.06289672851562
    ],
    "sample_count": 10000
  },
  "11": {
    "name": "Red",
    "ref_rgb": [
      252,
      94,
      94
    ],
    "render_min": [
      243.0,
      35.0,
      11.0
    ],
    "render_max": [
      255.0,
      64.0,
      38.0
    ],
    "render_mean": [
      253.59120178222656,
      48.47330093383789,
      23.865400314331055
    ],
    "sample_count": 10000
  },
  "27": {
    "name": "DarkRed",
    "ref_rgb": [
      137,
      10,
      8
    ],
    "render_min": [
      137.0,
      10.0,
      0.0
    ],
    "render_max": [
      233.0,
      37.0,
      19.0
    ],
    "render_mean": [
      175.73500061035156,
      22.297100067138672,
      7.063300132751465
    ],
    "sample_count": 10000
  },
  "6": {
    "name": "Orange",
    "ref_rgb": [
      253,
      161,
      76
    ],
    "render_min": [
      255.0,
      113.0,
      5.0
    ],
    "render_max": [
      255.0,
      163.0,
      36.0
    ],
    "render_mean": [
      254.9998016357422,
      139.0178985595703,
      20.6427001953125
    ],
    "sample_count": 10000
  },
  "19": {
    "name": "Maroon",
    "ref_rgb": [
      158,
      61,
      94
    ],
    "render_min": [
      159.0,
      32.0,
      80.0
    ],
    "render_max": [
      206.0,
      55.0,
      109.0
    ],
    "render_mean": [
      168.1929931640625,
      41.12630081176758,
      87.85669708251953
    ],
    "sample_count": 10000
  },
  "10": {
    "name": "DarkGreen",
    "ref_rgb": [
      57,
      174,
      46
    ],
    "render_min": [
      8.0,
      117.0,
      8.0
    ],
    "render_max": [
      30.0,
      186.0,
      30.0
    ],
    "render_mean": [
      19.166099548339844,
      156.0012969970703,
      19.198400497436523
    ],
    "sample_count": 10000
  },
  "4": {
    "name": "Yellow",
    "ref_rgb": [
      254,
      213,
      85
    ],
    "render_min": [
      247.0,
      208.0,
      29.0
    ],
    "render_max": [
      255.0,
      255.0,
      68.0
    ],
    "render_mean": [
      254.09910583496094,
      245.80960083007812,
      47.65530014038086
    ],
    "sample_count": 10000
  },
  "16": {
    "name": "Brown",
    "ref_rgb": [
      106,
      74,
      48
    ],
    "render_min": [
      97.0,
      60.0,
      9.0
    ],
    "render_max": [
      167.0,
      133.0,
      39.0
    ],
    "render_mean": [
      138.18319702148438,
      100.45169830322266,
      22.015499114990234
    ],
    "sample_count": 10000
  },
  "1": {
    "name": "Pink",
    "ref_rgb": [
      252,
      106,
      175
    ],
    "render_min": [
      255.0,
      84.0,
      160.0
    ],
    "render_max": [
      255.0,
      115.0,
      205.0
    ],
    "render_mean": [
      255.0,
      98.3279037475586,
      182.77520751953125
    ],
    "sample_count": 10000
  },
  "25": {
    "name": "HotPink",
    "ref_rgb": [
      252,
      56,
      165
    ],
    "render_min": [
      238.0,
      59.0,
      125.0
    ],
    "render_max": [
      255.0,
      82.0,
      162.0
    ],
    "render_mean": [
      252.37139892578125,
      72.4406967163086,
      143.96119689941406
    ],